{
    "opts": {
        "recurse": true,
        "template": "templatessss"
    },
    "tags": {
        "allowUnknownTags": true
    },
    "source": {
        "includePattern": ".+\\.js(doc)?$",
        "excludePattern": "(^|\\/|\\\\)_",
        "include": []
    },
    "plugins": [
        "plugins/markdown"
    ],
    "markdown": {
        "parser": "gfm"
    },
    "templates": {
        "cleverLinks": true,
        "monospaceLinks": true,
        "default": {
            "outputSourceFiles": true
        },
        "applicationName": "OpenLayers!"
    },
    "jsVersion": 180
}